{"cameraMode":{"drawMode":0,"name":"Shaded","section":"Shading Mode"},"sceneLighting":false,"audioPlay":false,"sceneViewState":{"m_AlwaysRefresh":false,"showFog":true,"showSkybox":false,"showFlares":true,"showImageEffects":true,"showParticleSystems":true,"showVisualEffectGraphs":true,"m_FxEnabled":true},"in2DMode":false,"pivot":{"x":-2.9282097816467287,"y":0.5438076257705689,"z":1.3786863088607789},"rotation":{"x":0.05353546142578125,"y":0.8376021385192871,"z":-0.08345212787389755,"w":0.5372315049171448},"size":0.3443979322910309,"orthographic":false}